datetime,lat,lon,pm2.5,pm10
2019-08-24 14:54:00,40.781003,-119.21560866666668,20.6,222.4
2019-08-24 14:56:00,40.781039199999995,-119.2156782,75.1,702.54
2019-08-24 15:00:00,40.780999,-119.21565166666666,27.7,340.5
2019-08-24 15:30:00,40.78103575,-119.21566275,55.760000000000005,575.5
2019-08-24 15:32:00,40.781025,-119.215682,92.14000000000001,537.4
2019-08-24 15:36:00,40.781034500000004,-119.2156755,35.32,385.73999999999995
2019-08-24 15:38:00,40.781003,-119.215695,33.48,378.08000000000004
2019-08-24 15:40:00,40.7810475,-119.2156715,44.00000000000001,441.32
2019-08-24 15:46:00,40.781046,-119.215692,49.78,544.92
2019-08-24 15:50:00,40.781037,-119.215665,106.2,1022.8800000000001
2019-08-24 15:58:00,40.780996,-119.215702,22.22,276.84
2019-08-24 16:20:00,40.781052,-119.215665,97.42,844.6199999999999
2019-08-24 17:00:00,40.781018,-119.215613,23.439999999999998,278.73999999999995
2019-08-24 17:08:00,40.781062,-119.215589,21.419999999999998,239.42000000000002
2019-08-24 17:22:00,40.781011,-119.215604,80.44000000000001,698.5799999999999
2019-08-24 17:24:00,40.780965,-119.215651,48.339999999999996,538.28
2019-08-24 17:42:00,40.781042,-119.215584,56.54,585.9799999999999
2019-08-24 17:46:00,40.78099650000001,-119.21547,123.3,1112.72
2019-08-24 17:52:00,40.78105133333333,-119.21561366666667,47.3,439.73999999999995
2019-08-24 17:58:00,40.78108,-119.215626,73.88,625.22
2019-08-24 18:10:00,40.781036,-119.215631,69.02000000000001,640.6200000000001
2019-08-24 18:12:00,40.781120125,-119.21557800000001,17.639999999999997,164.42
2019-08-24 18:14:00,40.781250666666665,-119.21494583333333,20.740000000000002,187.74
2019-08-24 18:16:00,40.780909888888885,-119.21221500000001,142.24,1172.62
2019-08-24 18:18:00,40.7796755,-119.20948825,72.97999999999999,711.18
2019-08-24 18:20:00,40.7791404,-119.20465220000001,85.22,750.3
2019-08-24 18:24:00,40.78057622222222,-119.19830577777778,152.38,1236.22
2019-08-24 18:26:00,40.780589250000006,-119.19816550000002,166.64000000000001,1380.26
2019-08-24 18:28:00,40.781288875,-119.19925624999999,60.48,679.2
2019-08-24 18:32:00,40.784054857142856,-119.2000097142857,78.5,686.8399999999999
2019-08-24 18:34:00,40.783019625,-119.202524625,40.98,453.16
2019-08-24 18:38:00,40.78117133333333,-119.20867,57.96,543.74
2019-08-24 18:40:00,40.7810235,-119.2122635,31.839999999999996,374.62
2019-08-24 18:44:00,40.781155454545456,-119.21506927272726,54.94,529.46
2019-08-24 18:48:00,40.7810315,-119.2156215,116.02000000000001,1018.2599999999999
2019-08-24 18:56:00,40.780977,-119.21563833333335,48.379999999999995,564.46
2019-08-24 22:24:00,40.7810415,-119.21565100000001,4.880000000000001,38.46
2019-08-24 22:36:00,40.781082,-119.21563,3.9,17.54
2019-08-24 22:38:00,40.781111,-119.215584,4.9399999999999995,41.86
2019-08-24 22:40:00,40.78107333333333,-119.21568666666667,3.0599999999999996,20.36
2019-08-24 22:42:00,40.78101075,-119.21602512500002,3.4799999999999995,22.54
2019-08-24 22:44:00,40.781061666666666,-119.21712522222222,3.2800000000000002,26.119999999999997
2019-08-24 22:46:00,40.780567999999995,-119.21838325,4.5200000000000005,38.78
2019-08-24 22:50:00,40.781519,-119.2194845,4.08,28.8
2019-08-24 22:52:00,40.78245933333333,-119.21997099999999,7.06,57.419999999999995
2019-08-24 22:54:00,40.783612999999995,-119.22039199999999,3.4,16.8
2019-08-24 22:56:00,40.78456666666667,-119.22065533333334,3.9799999999999995,21.979999999999997
2019-08-24 22:58:00,40.7853482,-119.220598,3.8199999999999994,15.379999999999999
2019-08-24 23:00:00,40.785931000000005,-119.2199255,3.1399999999999997,17.16
2019-08-24 23:04:00,40.78460366666667,-119.21850616666666,3.4200000000000004,25.560000000000002
2019-08-24 23:06:00,40.783525166666664,-119.21806299999999,4.0,28.8
2019-08-24 23:08:00,40.783558,-119.2174048888889,4.239999999999999,25.300000000000004
2019-08-24 23:10:00,40.78369416666666,-119.2161615,4.96,19.02
2019-08-24 23:12:00,40.7825875,-119.21552475000001,3.8,26.78
2019-08-24 23:14:00,40.78150683333334,-119.21478683333333,2.7600000000000002,23.840000000000003
2019-08-24 23:18:00,40.780776,-119.2145095,6.04,44.76
2019-08-24 23:22:00,40.781161,-119.21455914285714,14.4,245.18
2019-08-24 23:24:00,40.781043000000004,-119.21562666666667,4.94,33.260000000000005
2019-08-24 23:54:00,40.781028,-119.215678,3.78,47.0
2019-08-25 00:20:00,40.781077,-119.215626,3.94,22.28
2019-08-25 02:38:00,40.78103866666667,-119.21568133333334,8.559999999999999,49.58
2019-08-25 02:40:00,40.7810525,-119.21562549999999,7.3,52.94
2019-08-25 02:42:00,40.7811225,-119.21557849999999,6.020000000000001,33.1
2019-08-25 02:48:00,40.78116861538461,-119.21503276923076,6.12,70.28
2019-08-25 02:50:00,40.781628999999995,-119.21108785714286,7.18,56.279999999999994
2019-08-25 02:52:00,40.78441214285714,-119.20691600000002,5.7,30.320000000000004
2019-08-25 02:54:00,40.78686533333333,-119.20360666666666,3.0599999999999996,20.82
2019-08-25 02:56:00,40.789015000000006,-119.20071549999999,3.0,24.640000000000004
2019-08-25 02:58:00,40.79068,-119.197926,3.3,18.18
2019-08-25 03:04:00,40.792307,-119.197341,8.0,83.44000000000001
2019-08-25 03:06:00,40.791858749999996,-119.198741375,5.92,43.31999999999999
2019-08-25 03:08:00,40.790925599999994,-119.20140280000001,5.1,48.2
2019-08-25 03:10:00,40.7892298,-119.2039172,4.52,19.12
2019-08-25 03:12:00,40.787854833333334,-119.20574366666666,3.8600000000000003,19.4
2019-08-25 03:16:00,40.7844981,-119.2106,10.820000000000002,106.1
2019-08-25 03:18:00,40.78261816666667,-119.21303983333335,5.5600000000000005,53.36
2019-08-25 03:20:00,40.7812122,-119.2151857,6.18,59.2
2019-08-25 03:22:00,40.781048999999996,-119.2156185,3.9,21.800000000000004
2019-08-25 03:34:00,40.781037,-119.215607,4.08,26.459999999999997
2019-08-25 03:50:00,40.781014,-119.215637,3.3200000000000003,17.580000000000002
2019-08-25 03:52:00,40.781051,-119.21561,2.7199999999999998,12.400000000000002
2019-08-25 03:54:00,40.781038,-119.215583,3.1800000000000006,10.62
2019-08-25 04:18:00,40.781076,-119.215623,3.6,28.32
2019-08-25 04:20:00,40.781260666666675,-119.21484666666667,3.46,15.579999999999998
2019-08-25 04:22:00,40.7807874,-119.21351580000001,15.2,252.43999999999997
2019-08-25 04:26:00,40.78148866666667,-119.21084183333335,8.22,106.7
2019-08-25 04:28:00,40.781870999999995,-119.20978540000002,5.1,57.46
2019-08-25 04:30:00,40.782102599999995,-119.20895620000002,6.299999999999999,69.52000000000001
2019-08-25 04:32:00,40.782306750000004,-119.20829775000001,6.840000000000001,45.519999999999996
2019-08-25 04:34:00,40.78217766666666,-119.20748400000001,5.74,60.379999999999995
2019-08-25 04:36:00,40.782187,-119.207421,10.34,172.44
2019-08-25 04:40:00,40.780879399999996,-119.20784820000002,10.879999999999999,113.08
2019-08-25 04:42:00,40.780040199999995,-119.2078706,7.94,97.2
2019-08-25 04:44:00,40.779961,-119.2091662,7.92,80.2
2019-08-25 04:46:00,40.779931857142856,-119.210421,8.260000000000002,158.6
2019-08-25 04:48:00,40.7791572,-119.21122399999999,3.66,27.059999999999995
2019-08-25 04:50:00,40.7795828,-119.2126302,3.0199999999999996,15.66
2019-08-25 04:54:00,40.78005933333333,-119.21447733333333,11.239999999999998,138.78
2019-08-25 04:56:00,40.780431,-119.2139578,15.420000000000002,221.78000000000003
2019-08-25 04:58:00,40.7812924,-119.21467479999998,14.7,276.36
2019-08-25 05:00:00,40.781039,-119.215582,4.1,45.50000000000001
2019-08-25 05:08:00,40.78101966666666,-119.21563666666667,5.7,37.059999999999995
2019-08-25 08:32:00,40.781012,-119.215722,23.94,283.56000000000006
2019-08-25 11:34:00,40.780979,-119.215734,78.67999999999999,782.38
2019-08-25 15:18:00,40.780997,-119.215711,6.88,27.18
2019-08-25 15:52:00,40.78102466666667,-119.21562433333334,8.059999999999999,27.360000000000003
2019-08-25 15:54:00,40.781032,-119.215691,39.0,58.55999999999999
2019-08-25 15:58:00,40.781024,-119.215643,44.06,49.14
2019-08-25 16:48:00,40.781004,-119.215632,10.940000000000001,96.86000000000001
2019-08-25 17:08:00,40.78104,-119.215609,175.88,940.1
2019-08-25 17:38:00,40.781023000000005,-119.2156115,18.64,135.8
2019-08-25 17:40:00,40.781024,-119.215655,15.5,194.56
2019-08-25 17:44:00,40.7810175,-119.2156575,80.17999999999999,671.26
2019-08-25 17:46:00,40.781065,-119.215637,6.4,44.0
2019-08-25 18:18:00,40.781053,-119.215648,30.920000000000005,258.94
2019-08-25 18:20:00,40.781036,-119.215681,8.8,89.25999999999999
2019-08-25 18:22:00,40.78102,-119.215582,71.64000000000001,656.7800000000001
2019-08-25 18:44:00,40.7810865,-119.21560674999999,10.36,95.7
2019-08-25 18:48:00,40.781022,-119.215527,9.36,78.67999999999999
2019-08-25 19:02:00,40.781011,-119.215518,9.38,84.5
2019-08-25 19:32:00,40.781045,-119.215656,16.54,127.74000000000001
2019-08-25 19:36:00,40.78029166666666,-119.21909633333333,23.839999999999996,290.75999999999993
2019-08-25 19:38:00,40.78049266666667,-119.21927999999998,15.02,137.4
2019-08-25 19:40:00,40.780742,-119.219613,8.92,87.43999999999998
2019-08-25 19:42:00,40.780763666666665,-119.21966466666667,12.4,140.38000000000002
2019-08-25 19:44:00,40.78057,-119.219551,19.0,184.99999999999997
2019-08-25 19:46:00,40.7804665,-119.21983449999999,23.139999999999997,248.04000000000002
2019-08-25 19:50:00,40.780312249999994,-119.21967425,9.48,108.96
2019-08-25 19:52:00,40.780779,-119.217613625,9.540000000000001,71.42
2019-08-25 19:54:00,40.78105966666667,-119.21556533333334,18.84,89.66
2019-08-25 20:04:00,40.781083,-119.215587,8.32,61.34000000000001
2019-08-25 20:22:00,40.781043,-119.215621,2.7199999999999998,15.5
2019-08-25 20:32:00,40.780972,-119.215705,11.6,98.08
2019-08-25 20:34:00,40.781032,-119.215652,31.939999999999998,308.15999999999997
2019-08-25 20:46:00,40.781061333333334,-119.21444433333333,12.5,93.41999999999999
2019-08-25 20:48:00,40.780654250000005,-119.2145665,4.5,27.4
2019-08-25 20:50:00,40.780564375,-119.214438625,6.640000000000001,38.02
2019-08-25 20:52:00,40.780862,-119.214434,8.940000000000001,53.02
2019-08-25 22:12:00,40.781048,-119.215608,475.16,1999.9
2019-08-25 22:46:00,40.781084,-119.215604,9.94,113.02000000000001
2019-08-26 00:04:00,40.78103575,-119.215484875,4.3,27.4
2019-08-26 00:06:00,40.77884228571428,-119.21533642857142,6.3199999999999985,40.64
2019-08-26 00:08:00,40.77776788888889,-119.21445322222222,32.38,253.45999999999998
2019-08-26 00:10:00,40.775898,-119.2097696,6.540000000000001,47.44
2019-08-26 00:12:00,40.7755315,-119.20487725000001,5.82,32.28
2019-08-26 00:16:00,40.7747424,-119.2039718,5.299999999999999,29.54
2019-08-26 00:18:00,40.774686181818176,-119.20506336363637,4.78,36.620000000000005
2019-08-26 00:20:00,40.774851749999996,-119.20298125000001,4.859999999999999,50.62
2019-08-26 00:22:00,40.774882999999996,-119.202825,3.6799999999999997,38.7
2019-08-26 00:26:00,40.774797,-119.20360383333333,7.659999999999999,79.5
2019-08-26 00:30:00,40.776031249999996,-119.21300891666668,18.68,188.11999999999998
2019-08-26 00:32:00,40.7782425,-119.21667616666667,8.4,86.2
2019-08-26 00:34:00,40.781111875,-119.21923625000001,7.639999999999999,58.46
2019-08-26 00:36:00,40.7843518,-119.22056479999999,18.46,160.28
2019-08-26 00:38:00,40.7844338,-119.221191,5.08,42.9
2019-08-26 01:00:00,40.784438,-119.22116083333333,31.74,252.75999999999993
2019-08-26 01:02:00,40.7845402,-119.22067179999999,22.619999999999997,156.38
2019-08-26 01:04:00,40.7834084,-119.2182884,22.759999999999998,189.12
2019-08-26 01:06:00,40.783402,-119.21776360000001,33.0,291.16
2019-08-26 01:08:00,40.7831345,-119.21775349999999,23.98,172.73999999999998
2019-08-26 01:12:00,40.783136,-119.217797,31.82,290.38
2019-08-26 01:14:00,40.78346225,-119.21779924999998,44.39999999999999,358.52
2019-08-26 01:16:00,40.782706142857144,-119.21562314285714,29.78,262.66
2019-08-26 01:18:00,40.781028,-119.215649,27.439999999999998,197.44
2019-08-26 02:08:00,40.781008,-119.215659,8.419999999999998,61.34000000000001
2019-08-26 02:10:00,40.781089,-119.215649,7.040000000000001,58.660000000000004
2019-08-26 02:16:00,40.78088999999999,-119.21386533333335,13.52,160.02
2019-08-26 02:18:00,40.782404875,-119.2094255,10.76,103.47999999999999
2019-08-26 02:22:00,40.7856752,-119.20597459999999,13.319999999999999,79.53999999999999
2019-08-26 02:46:00,40.7861204,-119.2056028,3.5,46.88000000000001
2019-08-26 02:54:00,40.786218,-119.205639,3.12,17.28
2019-08-26 02:56:00,40.786236,-119.205665,4.539999999999999,54.419999999999995
2019-08-26 03:04:00,40.78624,-119.205665,6.38,40.14
2019-08-26 03:06:00,40.78625066666667,-119.20567666666666,9.32,47.04
2019-08-26 03:08:00,40.78616133333333,-119.20570533333334,6.659999999999999,43.26
2019-08-26 03:14:00,40.786158,-119.205727,7.06,59.42
2019-08-26 03:18:00,40.786106000000004,-119.2058012,15.48,117.31999999999998
2019-08-26 03:20:00,40.786232,-119.20558199999999,11.84,77.52000000000001
2019-08-26 03:24:00,40.7863690909091,-119.20410581818183,11.959999999999999,67.17999999999999
2019-08-26 03:26:00,40.786173166666664,-119.20120933333332,18.6,172.82
2019-08-26 03:28:00,40.78587520000001,-119.19808579999999,17.22,185.14
2019-08-26 03:32:00,40.78581157142857,-119.19430071428572,13.440000000000001,91.88
2019-08-26 03:34:00,40.78470633333333,-119.19762533333333,12.179999999999998,71.4
2019-08-26 03:36:00,40.784173,-119.200035,10.920000000000002,57.21999999999999
2019-08-26 04:36:00,40.784204,-119.200051,10.14,91.5
2019-08-26 04:38:00,40.78446390909091,-119.19983009090907,10.440000000000001,47.82
2019-08-26 04:42:00,40.790235,-119.19941266666667,16.740000000000002,121.2
2019-08-26 04:44:00,40.7907786,-119.19927299999999,13.9,120.35999999999999
2019-08-26 04:46:00,40.790927,-119.199282,16.419999999999998,79.53999999999999
2019-08-26 04:48:00,40.79106099999999,-119.19916500000001,18.5,92.1
2019-08-26 04:50:00,40.790926,-119.1994215,13.88,87.72
2019-08-26 04:52:00,40.7907255,-119.1993075,15.819999999999999,71.6
2019-08-26 05:02:00,40.790599,-119.199388,17.22,142.78000000000003
2019-08-26 05:04:00,40.7903468,-119.1991202,13.179999999999998,97.18
2019-08-26 05:06:00,40.78870383333334,-119.19708916666666,12.7,72.56
2019-08-26 05:10:00,40.784596,-119.19548466666667,10.2,76.6
2019-08-26 05:16:00,40.78396324999999,-119.19555675000001,11.98,73.02000000000001
2019-08-26 05:18:00,40.78127514285715,-119.19712957142858,9.680000000000001,70.78
2019-08-26 05:20:00,40.7806345,-119.19816900000001,8.24,56.04
2019-08-26 05:26:00,40.780688,-119.198006,8.399999999999999,64.12
2019-08-26 05:28:00,40.780676,-119.198041,8.5,79.4
2019-08-26 05:30:00,40.780656,-119.198076,7.3,54.4
2019-08-26 05:32:00,40.780639,-119.198115,7.860000000000001,38.18
2019-08-26 05:34:00,40.780664,-119.19813,7.219999999999999,33.06
2019-08-26 05:38:00,40.780636,-119.198154,6.5600000000000005,36.78
2019-08-26 05:40:00,40.780672,-119.198093,4.72,16.119999999999997
2019-08-26 05:44:00,40.780695,-119.198159,8.499999999999998,70.14
2019-08-26 05:46:00,40.780708,-119.198141,8.040000000000001,39.32
2019-08-26 05:48:00,40.780693,-119.198096,7.839999999999999,50.84
2019-08-26 05:56:00,40.780686,-119.198138,4.9799999999999995,29.74
2019-08-26 05:58:00,40.780729,-119.198203,3.62,21.2
2019-08-26 06:12:00,40.780728,-119.198228,4.76,38.839999999999996
2019-08-26 06:14:00,40.780586,-119.1981655,3.7399999999999998,27.339999999999996
2019-08-26 06:20:00,40.7812306,-119.2011068,3.2199999999999998,23.880000000000003
2019-08-26 06:22:00,40.781771,-119.20237,5.46,58.339999999999996
2019-08-26 06:24:00,40.78195433333334,-119.20219200000001,5.220000000000001,38.019999999999996
2019-08-26 06:26:00,40.783007,-119.20138924999999,3.8599999999999994,18.68
2019-08-26 06:28:00,40.78390516666666,-119.20049800000002,7.68,40.96
2019-08-26 06:30:00,40.786035181818185,-119.19896427272725,9.08,38.42
2019-08-26 06:36:00,40.787052857142854,-119.19854085714285,15.16,86.32000000000001
2019-08-26 06:44:00,40.78790642857143,-119.19558157142856,21.080000000000002,160.40000000000003
2019-08-26 06:48:00,40.791700750000004,-119.19255175,16.36,183.14000000000001
2019-08-26 06:50:00,40.791588,-119.192698,17.6,173.26
2019-08-26 06:52:00,40.792049899999995,-119.19243549999999,17.919999999999998,152.95999999999998
2019-08-26 06:54:00,40.79248,-119.192219,16.839999999999996,180.28
2019-08-26 06:56:00,40.792117499999996,-119.19040075000001,16.28,151.22
2019-08-26 06:58:00,40.7920945,-119.19019399999999,20.6,191.44
2019-08-26 07:04:00,40.792003,-119.18987533333335,18.14,204.23999999999998
2019-08-26 07:06:00,40.7920105,-119.18984975000001,23.86,176.18
2019-08-26 07:08:00,40.79201275,-119.18973625,16.639999999999997,137.85999999999999
2019-08-26 07:10:00,40.79203525,-119.1897065,15.180000000000001,128.78
2019-08-26 07:18:00,40.79205675,-119.18964374999999,28.74,200.5
2019-08-26 07:20:00,40.79211171428572,-119.189761,29.32,188.88
2019-08-26 07:22:00,40.79205066666666,-119.18975566666666,24.76,137.61999999999998
2019-08-26 07:24:00,40.792045,-119.190042,18.76,121.44000000000001
2019-08-26 07:26:00,40.792146,-119.190375,16.7,88.74000000000001
2019-08-26 07:30:00,40.792081625,-119.190529,12.98,109.61999999999998
2019-08-26 07:32:00,40.79389725,-119.191737625,13.040000000000001,87.52
2019-08-26 07:34:00,40.7942585,-119.19251,15.48,90.7
2019-08-26 07:36:00,40.792449833333336,-119.1949065,10.8,83.75999999999999
2019-08-26 07:38:00,40.790895750000004,-119.1978825,8.64,64.82
2019-08-26 07:40:00,40.788641,-119.201248,9.84,82.67999999999999
2019-08-26 07:44:00,40.78368966666667,-119.207417,11.26,88.84
2019-08-26 07:46:00,40.781637,-119.21078266666666,4.340000000000001,17.12
2019-08-26 07:48:00,40.78112935714285,-119.2148677857143,5.959999999999999,33.62
2019-08-26 08:14:00,40.781036,-119.2156485,3.1,11.319999999999999
2019-08-27 03:04:00,40.781071,-119.215605,31.619999999999997,307.71999999999997
2019-08-27 03:08:00,40.78105975,-119.21562975,34.32000000000001,261.19999999999993
2019-08-27 03:30:00,40.781094875,-119.21550174999999,30.98,295.08000000000004
2019-08-27 03:32:00,40.78108,-119.215581,30.3,261.53999999999996
2019-08-27 03:46:00,40.781048,-119.215576,16.740000000000002,69.34
2019-08-27 03:58:00,40.780488818181816,-119.214269,33.64,270.4
2019-08-27 04:00:00,40.780216333333335,-119.21412766666667,36.120000000000005,307.26
2019-08-27 04:02:00,40.779958,-119.2137178,29.76,274.46000000000004
2019-08-27 04:06:00,40.77991266666667,-119.21364466666667,26.3,208.2
2019-08-27 04:22:00,40.77997766666667,-119.21357166666667,27.860000000000003,251.92
2019-08-27 04:26:00,40.779680416666665,-119.21453125000001,22.34,193.44
2019-08-27 04:28:00,40.778475,-119.215744,26.660000000000004,215.04000000000002
2019-08-27 04:32:00,40.77768725,-119.21678925,21.880000000000003,174.85999999999999
2019-08-27 04:34:00,40.777897857142854,-119.21860114285714,17.58,133.5
2019-08-27 04:36:00,40.77951818181818,-119.22066236363635,25.02,187.54
2019-08-27 04:54:00,40.781015,-119.2221145,23.420000000000005,187.12
2019-08-27 04:56:00,40.780993,-119.222132,21.26,151.24
2019-08-27 04:58:00,40.782036999999995,-119.22251333333332,24.2,175.74
2019-08-27 05:00:00,40.78312316666666,-119.22469933333333,32.379999999999995,275.36
2019-08-27 05:02:00,40.7842895,-119.223074,28.380000000000003,211.01999999999998
2019-08-27 05:04:00,40.78591708333334,-119.22283791666668,36.06,296.94
2019-08-27 05:12:00,40.785953,-119.222359,27.96,225.24
2019-08-27 05:14:00,40.785942600000006,-119.221859,24.64,189.86
2019-08-27 05:16:00,40.784616875000005,-119.22057800000002,31.560000000000002,267.2
2019-08-27 05:22:00,40.784363,-119.220801,26.0,252.54000000000002
2019-08-27 05:38:00,40.784403499999996,-119.2209305,18.259999999999998,96.62
2019-08-27 05:50:00,40.784392,-119.221018,12.66,66.28
2019-08-27 06:00:00,40.784388666666665,-119.220986,15.9,126.54
2019-08-27 06:08:00,40.784335,-119.22096,17.779999999999998,169.92
2019-08-27 06:10:00,40.78431466666667,-119.22063166666665,21.1,146.68
2019-08-27 06:14:00,40.784245,-119.220563,13.960000000000003,109.6
2019-08-27 06:18:00,40.785932,-119.22021933333333,18.860000000000003,155.14000000000001
2019-08-27 06:20:00,40.785920142857144,-119.21733057142858,16.080000000000002,136.98
2019-08-27 06:22:00,40.785881499999995,-119.21420425,21.160000000000004,186.62
2019-08-27 06:24:00,40.785563,-119.213439,14.720000000000002,91.92
2019-08-27 06:26:00,40.785885909090915,-119.2130591818182,20.84,156.18
2019-08-27 06:34:00,40.78631933333333,-119.21101166666665,13.139999999999997,101.14000000000001
2019-08-27 06:36:00,40.78760666666666,-119.20871749999999,14.74,155.95999999999998
2019-08-27 06:40:00,40.787915,-119.209052,22.1,187.37999999999997
2019-08-27 06:56:00,40.788985999999994,-119.209748,18.639999999999997,109.24000000000001
2019-08-27 07:00:00,40.78903333333333,-119.209738,38.44,172.62
2019-08-27 07:04:00,40.790196,-119.2083865,39.9,175.48
2019-08-27 07:06:00,40.790051500000004,-119.2083755,29.6,87.32
2019-08-27 07:08:00,40.79028325000001,-119.20799425000001,54.92,167.16
2019-08-27 07:10:00,40.7904805,-119.207376,20.839999999999996,86.42
2019-08-27 07:14:00,40.7905335,-119.20741425,46.6,196.39999999999998
2019-08-27 07:16:00,40.79103028571428,-119.20680342857143,111.86000000000001,290.44
2019-08-27 07:18:00,40.791382,-119.205003,61.06,203.32
2019-08-27 07:24:00,40.79116014285713,-119.20459571428572,19.040000000000003,133.56
2019-08-27 07:34:00,40.790032,-119.20345950000001,42.519999999999996,86.46000000000001
2019-08-27 07:36:00,40.788628,-119.20535785714286,254.64000000000001,280.6
2019-08-27 07:38:00,40.787037749999996,-119.20818225000001,488.28000000000003,536.9200000000001
2019-08-27 07:48:00,40.786791,-119.208608,481.3,520.0
2019-08-27 07:50:00,40.78701916666666,-119.20881533333333,23.04,94.38
2019-08-27 07:52:00,40.785424750000004,-119.210499375,26.360000000000003,118.97999999999999
2019-08-27 07:56:00,40.78073233333333,-119.21329516666667,855.96,1710.4
2019-08-27 07:58:00,40.781085,-119.21563566666667,858.0400000000002,1587.48
2019-08-27 08:02:00,40.78103,-119.21567,802.96,884.46
2019-08-27 08:10:00,40.78109,-119.215632,24.82,40.1
2019-08-27 09:12:00,40.781049,-119.215687,9.5,59.02
2019-08-27 15:20:00,40.781017,-119.215679,97.16,716.58
2019-08-27 16:58:00,40.781003,-119.215684,3.8200000000000003,18.959999999999997
2019-08-27 17:06:00,40.781042,-119.21574749999999,4.5,17.84
2019-08-27 17:08:00,40.78109,-119.215625,2.44,10.120000000000001
2019-08-27 17:10:00,40.7809658888889,-119.21552255555555,3.46,15.0
2019-08-27 17:12:00,40.779282499999994,-119.21438674999997,3.04,8.52
2019-08-27 17:14:00,40.781081625,-119.21215775000002,2.0599999999999996,6.340000000000001
2019-08-27 17:18:00,40.786154,-119.210925,6.459999999999999,43.9
2019-08-27 17:32:00,40.79134966666666,-119.20818166666665,4.9,22.24
2019-08-27 17:34:00,40.793907499999996,-119.20741916666668,2.9,12.36
2019-08-27 17:36:00,40.79490833333333,-119.20724466666667,3.5799999999999996,16.92
2019-08-27 17:38:00,40.795918,-119.206735,3.7,17.999999999999996
2019-08-27 17:40:00,40.79719588888888,-119.20750477777779,7.659999999999999,72.74000000000001
2019-08-27 17:42:00,40.798132599999995,-119.2100227,11.2,70.66000000000001
2019-08-27 17:46:00,40.80032416666666,-119.21408033333334,4.94,17.66
2019-08-27 17:48:00,40.798925499999996,-119.21748500000001,3.3,13.74
2019-08-27 17:50:00,40.7969146,-119.21955169999998,3.72,17.66
2019-08-27 17:52:00,40.7948285,-119.2211365,4.660000000000001,17.419999999999998
2019-08-27 17:54:00,40.792632142857144,-119.22195914285716,7.1,48.8
2019-08-27 17:56:00,40.7909085,-119.22211650000001,3.3600000000000003,19.479999999999997
2019-08-27 18:00:00,40.78695,-119.223295,2.76,10.8
2019-08-27 18:02:00,40.786866,-119.223289,3.04,7.88
2019-08-27 18:06:00,40.785399250000005,-119.223300625,2.6399999999999997,10.12
2019-08-27 18:08:00,40.784955625,-119.22327725,2.7800000000000002,7.3199999999999985
2019-08-27 18:10:00,40.783272714285715,-119.22294614285715,2.54,8.280000000000001
2019-08-27 18:14:00,40.77996833333333,-119.22044633333333,2.6,7.4
2019-08-27 18:16:00,40.7802125,-119.21889350000001,3.12,10.620000000000001
2019-08-27 18:18:00,40.78129742857142,-119.215783,2.7800000000000002,11.92
2019-08-27 18:20:00,40.780953,-119.215604,2.5,6.0200000000000005
2019-08-28 14:00:00,40.780973,-119.21572,5.680000000000001,39.839999999999996
2019-08-28 17:00:00,40.781016,-119.21565266666666,1.9600000000000002,3.46
2019-08-28 17:02:00,40.781024,-119.215655,32.7,214.88000000000002
2019-08-28 17:14:00,40.781014,-119.21564,8.06,57.11999999999999
2019-08-28 18:58:00,40.781072,-119.215648,81.02000000000001,629.44
2019-08-28 19:06:00,40.781082,-119.21562,27.6,257.0
2019-08-28 19:08:00,40.7806925,-119.21432275,19.740000000000002,179.66
2019-08-28 19:18:00,40.780205,-119.214759,54.7,652.9
2019-08-28 19:26:00,40.780254,-119.214711,96.5,748.4399999999999
2019-08-28 19:32:00,40.780244999999994,-119.21479049999999,42.620000000000005,458.52
2019-08-28 19:34:00,40.780231,-119.2147015,106.35999999999999,651.54
2019-08-28 19:48:00,40.7802952,-119.21457340000002,38.940000000000005,423.56000000000006
2019-08-28 19:50:00,40.780714,-119.214456,127.42,1126.7
2019-08-28 19:52:00,40.780665,-119.21449,149.34,1116.94
2019-08-28 20:04:00,40.780642,-119.214556,223.5,1687.78
2019-08-28 20:08:00,40.780662,-119.214555,928.5799999999999,1999.9
2019-08-28 20:10:00,40.780709,-119.214557,339.04,1999.9
2019-08-28 20:14:00,40.7808375,-119.214383,101.53999999999999,923.0799999999999
2019-08-28 20:16:00,40.781158000000005,-119.21477699999998,29.54,340.41999999999996
2019-08-28 21:24:00,40.781042,-119.2156,36.04,281.56
2019-08-28 21:30:00,40.78112,-119.215607,17.54,119.56000000000002
2019-08-28 21:32:00,40.78086183333334,-119.21754166666669,16.26,134.0
2019-08-28 21:34:00,40.7800976,-119.2204506,12.14,86.74000000000001
2019-08-28 21:38:00,40.7855155,-119.22164725,5.02,25.759999999999998
2019-08-28 21:40:00,40.784479499999996,-119.221137,10.4,74.8
2019-08-28 21:42:00,40.784588,-119.221089,43.14,397.4
2019-08-28 21:44:00,40.784348,-119.22134455555556,38.739999999999995,408.06
2019-08-28 21:46:00,40.78317871428572,-119.21950085714286,50.419999999999995,492.66
2019-08-28 21:48:00,40.78194157142858,-119.21626014285714,31.0,312.88
2019-08-28 22:28:00,40.78102,-119.215622,10.540000000000001,84.44
2019-08-28 22:44:00,40.781071,-119.215667,26.580000000000002,325.12
2019-08-28 22:48:00,40.781137,-119.215593,55.7,462.64000000000004
2019-08-28 22:50:00,40.78114,-119.21557,50.28,495.84
2019-08-28 22:52:00,40.781098,-119.215621,18.2,206.46000000000004
2019-08-28 22:56:00,40.78164266666666,-119.21550883333333,41.72,407.68
2019-08-28 22:58:00,40.78351990909091,-119.2122670909091,14.14,80.75999999999999
2019-08-28 23:02:00,40.787986124999996,-119.20647874999999,15.52,146.4
2019-08-28 23:04:00,40.78890533333333,-119.20545866666667,11.52,126.96
2019-08-28 23:06:00,40.790437454545454,-119.20309109090908,29.72,333.38
2019-08-28 23:08:00,40.791659,-119.20043024999998,18.02,158.28000000000003
2019-08-28 23:10:00,40.792309624999994,-119.19759575,48.620000000000005,631.66
2019-08-28 23:12:00,40.792379,-119.19739,96.32,809.0600000000001
2019-08-28 23:16:00,40.792420666666665,-119.19749033333333,193.76000000000002,1949.3600000000001
2019-08-28 23:18:00,40.793999615384614,-119.19678084615383,40.32,481.62
2019-08-28 23:20:00,40.795165,-119.195729,28.139999999999997,290.0
2019-08-28 23:22:00,40.79632633333333,-119.194977,22.72,202.08
2019-08-28 23:24:00,40.796575749999995,-119.192849625,44.239999999999995,551.88
2019-08-28 23:26:00,40.7964052,-119.1922868,30.72,359.2
2019-08-28 23:30:00,40.798207000000005,-119.19415719999999,51.1,568.4399999999999
2019-08-28 23:36:00,40.798378,-119.194184,44.9,565.2199999999999
2019-08-28 23:38:00,40.798322999999996,-119.19418425,29.9,334.91999999999996
2019-08-28 23:40:00,40.7983925,-119.19420299999999,28.939999999999998,330.14
2019-08-28 23:44:00,40.79839,-119.194166,30.339999999999996,363.7
2019-08-28 23:46:00,40.79816099999999,-119.194209,25.0,250.04000000000002
2019-08-28 23:48:00,40.7979775,-119.19327799999999,31.52,360.14000000000004
2019-08-28 23:50:00,40.79843533333333,-119.19202033333333,122.8,1383.8200000000002
2019-08-28 23:52:00,40.798652,-119.191637,35.3,412.98
2019-08-28 23:54:00,40.7995775,-119.19120570000003,21.24,276.44
2019-08-29 00:16:00,40.80085699999999,-119.19003240000002,5.3,46.88000000000001
2019-08-29 00:18:00,40.800927,-119.190056,4.82,24.159999999999997
2019-08-29 00:20:00,40.800936,-119.18996599999998,11.84,134.59999999999997
2019-08-29 00:22:00,40.801668,-119.18954666666666,12.680000000000001,103.02000000000001
2019-08-29 00:28:00,40.80191638461539,-119.18910184615385,7.26,74.44
2019-08-29 00:30:00,40.801936,-119.188771,10.280000000000001,45.32
2019-08-29 00:32:00,40.801925,-119.1886215,6.1,30.079999999999995
2019-08-29 00:40:00,40.801888,-119.188348,13.040000000000001,131.85999999999999
2019-08-29 00:50:00,40.801555,-119.18667433333333,11.899999999999999,119.08
2019-08-29 00:54:00,40.79871616666667,-119.1875465,28.639999999999997,371.12
2019-08-29 00:56:00,40.796952000000005,-119.189018,9.360000000000001,64.92
2019-08-29 00:58:00,40.796836,-119.189075,19.32,67.88
2019-08-29 01:02:00,40.79645471428572,-119.18969271428571,10.32,56.94000000000001
2019-08-29 01:04:00,40.795119799999995,-119.19340059999999,12.960000000000003,76.86
2019-08-29 01:08:00,40.794923749999995,-119.19655987499999,9.92,49.279999999999994
2019-08-29 01:10:00,40.79280433333333,-119.1971555,9.68,56.019999999999996
2019-08-29 01:12:00,40.793136,-119.198245,63.82000000000001,705.3
2019-08-29 01:14:00,40.7930735,-119.198526,16.580000000000002,159.8
2019-08-29 01:16:00,40.7917135,-119.19973974999999,10.74,93.44
2019-08-29 01:18:00,40.790082375,-119.2005965,7.980000000000001,78.52000000000001
2019-08-29 01:22:00,40.78743657142858,-119.20386885714287,15.080000000000002,145.6
2019-08-29 01:24:00,40.785979375,-119.205178875,15.940000000000001,148.76000000000002
2019-08-29 01:26:00,40.784641,-119.20698216666666,29.419999999999998,382.96000000000004
2019-08-29 01:28:00,40.78412,-119.2081395,16.020000000000003,191.71999999999997
2019-08-29 01:30:00,40.78355928571428,-119.20906642857143,5.54,12.280000000000001
2019-08-29 01:36:00,40.783294,-119.210906,6.18,35.839999999999996
2019-08-29 01:42:00,40.78334866666666,-119.21089866666667,6.06,24.64
2019-08-29 01:54:00,40.783340714285714,-119.21085685714284,5.119999999999999,18.3
2019-08-29 01:56:00,40.783119,-119.2109101111111,5.92,29.28
2019-08-29 01:58:00,40.78173,-119.21207274999999,5.58,18.859999999999996
2019-08-29 02:00:00,40.780986625,-119.21432887499999,3.3,14.959999999999999
2019-08-29 02:20:00,40.7810435,-119.215649,3.78,21.36
2019-08-29 02:22:00,40.78104940000001,-119.2154469,3.9799999999999995,21.580000000000002
2019-08-29 02:24:00,40.78111442857143,-119.21501578571427,4.06,23.779999999999998
2019-08-29 02:26:00,40.77967675,-119.21266125,5.64,13.920000000000002
2019-08-29 02:28:00,40.77970725,-119.2124975,3.84,15.580000000000002
2019-08-29 02:38:00,40.779756,-119.212429,14.999999999999996,202.96
2019-08-29 02:48:00,40.779765,-119.2124335,6.16,43.879999999999995
2019-08-29 02:50:00,40.77955022222221,-119.2136142222222,7.12,63.56
2019-08-29 02:52:00,40.781175714285716,-119.21515221428571,5.44,41.4
2019-08-29 02:54:00,40.781062999999996,-119.21568616666666,5.54,44.36
2019-08-29 03:00:00,40.781019666666666,-119.215717,3.3800000000000003,13.5
2019-08-29 03:02:00,40.78109166666666,-119.215604,3.22,15.64
2019-08-29 03:04:00,40.781018333333336,-119.21716655555555,3.08,11.16
2019-08-29 03:06:00,40.78011561538462,-119.21865123076924,3.8,14.339999999999998
2019-08-29 03:08:00,40.77985983333333,-119.21843766666667,3.4200000000000004,12.3
2019-08-29 03:18:00,40.77936866666666,-119.21806433333334,5.0600000000000005,19.580000000000002
2019-08-29 03:20:00,40.779337,-119.218017,5.32,22.12
2019-08-29 03:44:00,40.779210500000005,-119.2180835,9.0,53.82000000000001
2019-08-29 03:48:00,40.779233,-119.21805900000001,3.9200000000000004,23.9
2019-08-29 03:56:00,40.7791865,-119.2180455,4.4799999999999995,15.440000000000001
2019-08-29 03:58:00,40.779182,-119.218012,6.540000000000001,41.660000000000004
2019-08-29 04:00:00,40.779234,-119.21805,5.5200000000000005,54.120000000000005
2019-08-29 04:02:00,40.779229,-119.21804,6.5200000000000005,31.28
2019-08-29 04:14:00,40.779236,-119.218039,3.54,12.280000000000001
2019-08-29 04:20:00,40.7792685,-119.21808949999999,4.8,25.28
2019-08-29 04:34:00,40.779335399999994,-119.21795660000001,3.5200000000000005,14.38
2019-08-29 04:38:00,40.780210499999995,-119.218482,4.42,16.060000000000002
2019-08-29 04:42:00,40.780473666666666,-119.21823166666667,19.82,323.24
2019-08-29 04:44:00,40.7809975,-119.2171675,8.559999999999999,70.99999999999999
2019-08-29 04:46:00,40.78113483333333,-119.21561766666667,4.0,24.18
2019-08-29 04:48:00,40.781044666666666,-119.21568233333335,4.459999999999999,17.36
2019-08-29 05:00:00,40.7810235,-119.21562700000001,9.899999999999999,101.14
2019-08-29 05:08:00,40.78095275,-119.21542975,56.879999999999995,802.3199999999999
2019-08-29 05:16:00,40.78097275,-119.21556874999999,11.04,142.2
2019-08-29 05:20:00,40.780994250000006,-119.215599,5.98,30.660000000000004
2019-08-29 05:22:00,40.781046999999994,-119.21565485714288,11.319999999999999,147.26000000000002
2019-08-29 05:38:00,40.781095199999996,-119.21564059999999,8.5,84.55999999999999
2019-08-29 05:40:00,40.781076999999996,-119.2156052,5.82,63.660000000000004
2019-08-29 05:42:00,40.7813915,-119.215798,7.519999999999999,66.9
2019-08-29 05:44:00,40.781668833333335,-119.215391,5.56,38.660000000000004
2019-08-29 05:52:00,40.78145725,-119.21198050000001,6.6,45.6
2019-08-29 05:54:00,40.7825547,-119.21297470000002,4.5,47.92
2019-08-29 05:56:00,40.78346388888889,-119.21415644444444,4.24,19.259999999999998
2019-08-29 05:58:00,40.784949,-119.214659,5.3,23.2
2019-08-29 06:02:00,40.786516666666664,-119.21284666666668,3.08,10.96
2019-08-29 06:04:00,40.787241099999996,-119.21287079999999,3.28,13.48
2019-08-29 06:06:00,40.78939366666666,-119.21282566666667,8.040000000000001,69.62
2019-08-29 06:12:00,40.79010975,-119.2129665,63.120000000000005,704.3199999999999
2019-08-29 06:16:00,40.790144,-119.213198,11.319999999999999,131.09999999999997
2019-08-29 06:20:00,40.790201,-119.213326,6.9,50.92
2019-08-29 06:22:00,40.79005433333333,-119.21292533333333,7.24,58.25999999999999
2019-08-29 06:24:00,40.79002766666667,-119.21262866666666,5.500000000000001,49.2
2019-08-29 06:26:00,40.79106728571429,-119.211946,7.459999999999999,48.1
2019-08-29 06:30:00,40.79202975,-119.21012449999999,5.9,15.2
2019-08-29 06:32:00,40.793143625,-119.208195,10.32,19.6
2019-08-29 06:34:00,40.793936333333335,-119.20848166666667,5.779999999999999,18.34
2019-08-29 06:36:00,40.795948,-119.20914575,8.16,27.540000000000003
2019-08-29 06:38:00,40.796788,-119.209319,9.760000000000002,30.32
2019-08-29 06:44:00,40.797586333333335,-119.209403,6.040000000000001,32.24
2019-08-29 06:46:00,40.79777,-119.2101854,5.260000000000001,25.1
2019-08-29 06:48:00,40.79774875,-119.2098555,4.82,12.76
2019-08-29 06:50:00,40.79804533333333,-119.21085583333333,5.720000000000001,12.720000000000002
2019-08-29 06:52:00,40.79756563636363,-119.21274081818183,5.08,19.5
2019-08-29 06:54:00,40.79684966666667,-119.21399166666667,4.880000000000001,34.64
2019-08-29 07:00:00,40.7965625,-119.2138375,16.02,106.84
2019-08-29 07:02:00,40.79536566666667,-119.213016,10.96,96.08000000000001
2019-08-29 07:04:00,40.79337457142857,-119.21239185714285,5.279999999999999,45.040000000000006
2019-08-29 07:06:00,40.7916118,-119.21490019999999,6.720000000000001,48.36
2019-08-29 07:08:00,40.789804749999995,-119.21640325,3.96,15.879999999999999
2019-08-29 07:12:00,40.784732500000004,-119.2174885,7.82,79.53999999999999
2019-08-29 07:14:00,40.783020625000006,-119.2168935,3.66,31.54
2019-08-29 07:16:00,40.7811374,-119.2156272,4.38,11.1
2019-08-29 07:18:00,40.780972,-119.215709,4.46,31.02
2019-08-29 07:22:00,40.78101,-119.215618,4.9,57.06
2019-08-29 07:30:00,40.780999,-119.215674,4.02,15.319999999999999
2019-08-29 07:46:00,40.7809775,-119.2157055,4.04,17.720000000000002
2019-08-29 08:12:00,40.780935,-119.215677,5.24,27.419999999999998
2019-08-29 17:14:00,40.781037250000004,-119.21564000000001,16.32,204.1
2019-08-29 17:16:00,40.781071,-119.215636,18.419999999999998,244.06000000000003
2019-08-29 17:56:00,40.781028,-119.21554900000001,13.14,126.3
2019-08-29 21:40:00,40.7811,-119.215649,10.919999999999998,73.3
2019-08-29 21:44:00,40.781071,-119.215635,6.5600000000000005,66.0
2019-08-29 21:50:00,40.781041,-119.215581,15.559999999999999,235.76
2019-08-29 21:54:00,40.781047,-119.215612,32.1,352.12
2019-08-29 22:18:00,40.781037,-119.215648,10.620000000000001,87.8
2019-08-29 22:20:00,40.7810585,-119.21566200000001,4.66,40.18
2019-08-29 22:48:00,40.781043,-119.215598,5.26,25.96
2019-08-29 22:54:00,40.781122,-119.215562,35.92,333.66
2019-08-29 22:56:00,40.781114,-119.215599,12.839999999999998,128.52
2019-08-29 22:58:00,40.7810825,-119.2156345,5.14,26.139999999999997
2019-08-29 23:00:00,40.781098,-119.215638,27.920000000000005,293.56000000000006
2019-08-29 23:10:00,40.781159,-119.215532,21.88,213.22000000000003
2019-08-29 23:12:00,40.780854,-119.21418833333333,58.1,654.8199999999999
2019-08-29 23:14:00,40.780874,-119.214089,27.059999999999995,282.21999999999997
2019-08-29 23:16:00,40.781217444444444,-119.21207333333331,326.4,1999.9
2019-08-29 23:18:00,40.7800864,-119.2102828,999.2,1999.9
2019-08-29 23:22:00,40.77974483333333,-119.20199600000001,769.0600000000001,1999.9
2019-08-29 23:24:00,40.7803744,-119.20053379999999,345.38,1999.9
2019-08-29 23:26:00,40.779835000000006,-119.197774125,32.839999999999996,396.3
2019-08-29 23:28:00,40.777949166666666,-119.19530850000001,81.34,681.86
2019-08-29 23:30:00,40.777110428571426,-119.19282871428571,44.72,420.21999999999997
2019-08-29 23:32:00,40.778980499999996,-119.190978,175.54,1454.04
2019-08-30 00:50:00,40.77907,-119.190577,11.559999999999999,99.38000000000001
2019-08-30 00:52:00,40.779103,-119.190662,4.220000000000001,27.560000000000002
2019-08-30 00:54:00,40.7791215,-119.1906345,5.539999999999999,33.64
2019-08-30 01:04:00,40.77912933333334,-119.190521,4.18,45.42
2019-08-30 01:06:00,40.77919075,-119.19056575,15.059999999999999,97.22
2019-08-30 01:08:00,40.78019825,-119.192671,8.3,53.17999999999999
2019-08-30 01:10:00,40.781646124999995,-119.19594525000001,13.64,144.3
2019-08-30 01:14:00,40.78330257142858,-119.20238685714286,3.38,9.379999999999999
2019-08-30 01:16:00,40.78288125,-119.206848375,6.18,34.72
2019-08-30 01:18:00,40.782414499999994,-119.2101685,4.459999999999999,39.019999999999996
2019-08-30 01:20:00,40.780442,-119.21268099999999,4.18,22.0
2019-08-30 01:22:00,40.78083125,-119.21394649999999,2.6399999999999997,10.86
2019-08-30 01:24:00,40.781084,-119.21560833333335,3.3800000000000003,19.82
2019-08-30 01:36:00,40.781019,-119.21565,3.8,11.84
2019-08-30 04:08:00,40.781023,-119.215651,4.6,15.419999999999998
2019-08-30 04:34:00,40.781051,-119.21563,4.5600000000000005,28.860000000000003
2019-08-30 04:54:00,40.781051500000004,-119.2156355,6.959999999999999,34.96
2019-08-30 04:58:00,40.781144,-119.2152304,10.32,44.739999999999995
2019-08-30 05:00:00,40.78067566666667,-119.214131,8.52,55.7
2019-08-30 05:02:00,40.77989925,-119.21373700000001,5.779999999999999,50.8
2019-08-30 05:04:00,40.77989266666666,-119.213779,3.9599999999999995,17.14
2019-08-30 05:06:00,40.780139,-119.21369,4.24,16.22
2019-08-30 05:18:00,40.780217,-119.21351,5.5200000000000005,18.619999999999997
2019-08-30 05:20:00,40.780154,-119.21340766666667,5.64,17.86
2019-08-30 09:46:00,40.778712500000005,-119.21537207142856,37.58,460.12
2019-08-30 09:48:00,40.7811,-119.2155195,14.559999999999999,194.26000000000002
2019-08-30 09:50:00,40.78098625,-119.2154335,9.799999999999999,95.78
2019-08-30 09:52:00,40.7810335,-119.2156405,8.78,55.48
2019-08-30 10:00:00,40.781092,-119.21563,23.919999999999998,329.12
2019-08-30 10:02:00,40.781052,-119.215668,7.42,59.64
2019-08-30 10:04:00,40.781044,-119.21570750000001,6.42,39.6
2019-08-30 10:08:00,40.78102,-119.215664,6.260000000000001,23.4
2019-08-30 21:52:00,40.77491933333333,-119.203012,35.48,255.11999999999998
2019-08-30 22:16:00,40.7750026,-119.2023412,27.8,265.02
2019-08-30 22:18:00,40.77643475,-119.197912125,18.360000000000003,146.48000000000002
2019-08-30 22:26:00,40.77688657142857,-119.19700914285713,29.0,259.38
2019-08-30 22:28:00,40.775418499999994,-119.20068683333334,34.379999999999995,290.3
2019-08-30 22:30:00,40.774904,-119.203081,42.68000000000001,208.5
2019-08-30 22:34:00,40.774929,-119.203131,30.040000000000003,223.92
2019-08-30 22:36:00,40.774838875,-119.203621,20.0,167.09999999999997
2019-08-30 22:40:00,40.77645344444445,-119.2090061111111,30.439999999999998,266.86
2019-08-30 22:42:00,40.7764355,-119.20819512500002,25.28,183.1
2019-08-30 22:44:00,40.776506499999996,-119.20306780000001,20.919999999999998,182.07999999999998
2019-08-30 22:46:00,40.77757388888889,-119.19956977777777,18.14,126.66
2019-08-30 22:48:00,40.777764,-119.19927766666667,19.46,126.24000000000001
2019-08-30 22:50:00,40.776887666666674,-119.20150233333334,37.839999999999996,264.73999999999995
2019-08-30 22:54:00,40.77709866666666,-119.20602811111111,22.14,158.28000000000003
2019-08-30 22:56:00,40.77721855555555,-119.20747533333335,27.72,201.74
2019-08-31 00:20:00,40.77696733333334,-119.20725866666665,29.0,297.98
2019-08-31 00:22:00,40.77684930769231,-119.20610892307694,39.06,386.21999999999997
2019-08-31 00:24:00,40.7767595,-119.20197425,97.08,717.8199999999999
2019-08-31 00:26:00,40.778294714285714,-119.19807842857143,62.48,523.58
2019-08-31 00:28:00,40.780815714285716,-119.1949577142857,85.28,627.14
2019-08-31 00:32:00,40.77953366666666,-119.19090866666666,145.5,1072.84
2019-08-31 01:08:00,40.779505,-119.190853,34.44,269.03999999999996
2019-08-31 01:10:00,40.779448714285714,-119.1908552857143,22.580000000000002,180.56
2019-08-31 01:14:00,40.779335,-119.19031466666667,29.060000000000002,312.4
2019-08-31 01:16:00,40.78016085714286,-119.19251842857143,58.019999999999996,429.32
2019-08-31 01:18:00,40.7817571,-119.1960503,26.28,262.08000000000004
2019-08-31 01:20:00,40.781946222222224,-119.20101966666668,19.619999999999997,136.28
2019-08-31 01:22:00,40.78230116666667,-119.20402783333334,12.68,64.6
2019-08-31 01:32:00,40.781162375,-119.20659525,13.580000000000002,61.660000000000004
2019-08-31 01:34:00,40.780811,-119.208788,19.24,76.55999999999999
2019-08-31 01:36:00,40.78130257142857,-119.21135114285714,12.739999999999998,55.7
2019-08-31 01:38:00,40.781044,-119.21222642857144,10.02,62.17999999999999
2019-08-31 02:42:00,40.781026,-119.215681,3.62,24.720000000000002
2019-08-31 02:56:00,40.781031,-119.215651,9.819999999999999,112.42
2019-08-31 03:12:00,40.781036,-119.215693,4.18,27.679999999999996
2019-08-31 03:14:00,40.78125571428571,-119.21474242857144,3.1799999999999997,9.879999999999999
2019-08-31 03:16:00,40.780283833333336,-119.21384316666666,3.5599999999999996,15.559999999999999
2019-08-31 03:28:00,40.779873,-119.213721,6.220000000000001,41.36
2019-08-31 03:30:00,40.7799025,-119.21360374999999,9.180000000000001,66.12
2019-08-31 03:40:00,40.779899,-119.213554,4.7,30.5
2019-08-31 03:50:00,40.78031849999999,-119.21342,4.139999999999999,9.76
2019-08-31 03:52:00,40.7803014,-119.2133838,3.46,11.9
2019-08-31 03:56:00,40.780444,-119.21406033333334,10.02,56.68000000000001
2019-08-31 03:58:00,40.78121324999999,-119.21489262499999,10.46,102.53999999999999
2019-08-31 04:02:00,40.781048,-119.215648,12.120000000000001,119.56000000000002
2019-08-31 04:04:00,40.78106,-119.215614,20.24,175.18
2019-08-31 04:08:00,40.781014,-119.215636,19.560000000000002,183.9
2019-08-31 04:18:00,40.78099,-119.21567233333333,6.9399999999999995,38.660000000000004
2019-08-31 04:20:00,40.781034,-119.215793,6.959999999999999,54.9
2019-08-31 04:44:00,40.781066,-119.215599,4.040000000000001,13.14
2019-08-31 04:50:00,40.781107000000006,-119.215583,2.36,11.579999999999998
2019-08-31 04:52:00,40.781137,-119.21553,7.279999999999999,42.62
2019-08-31 04:54:00,40.78113,-119.215583,7.08,33.46
2019-08-31 04:58:00,40.783796125,-119.212100875,2.44,7.0
2019-08-31 05:02:00,40.784724833333335,-119.2104615,3.88,18.24
2019-08-31 05:04:00,40.78513087499999,-119.207601875,5.36,27.580000000000002
2019-08-31 05:06:00,40.78497871428572,-119.20591871428572,4.14,33.17999999999999
2019-08-31 05:08:00,40.78609533333333,-119.20558133333333,4.6,36.82
2019-08-31 05:12:00,40.786101,-119.205639,3.02,9.940000000000001
2019-08-31 05:56:00,40.78620525,-119.205759,13.460000000000003,48.32
2019-08-31 05:58:00,40.78637462499999,-119.205253375,21.860000000000003,96.64000000000001
2019-08-31 06:00:00,40.786252,-119.203847,20.98,127.76000000000002
2019-08-31 06:08:00,40.786761,-119.203346,19.98,142.16000000000003
2019-08-31 06:10:00,40.786754,-119.203332,22.78,185.1
2019-08-31 06:12:00,40.78730025,-119.2019895,22.58,162.28000000000003
2019-08-31 06:14:00,40.787522,-119.20042049999999,21.7,150.97999999999996
2019-08-31 06:16:00,40.786821,-119.198804,23.8,188.44
2019-08-31 06:18:00,40.7884345,-119.19845166666668,23.979999999999997,171.66
2019-08-31 06:22:00,40.791165,-119.195591,21.96,146.07999999999998
2019-08-31 06:24:00,40.7920398,-119.19400700000001,19.0,89.88
2019-08-31 06:26:00,40.792088,-119.19396499999999,30.919999999999998,164.68
2019-08-31 06:32:00,40.792122,-119.193789,19.76,117.85999999999999
2019-08-31 06:40:00,40.7920095,-119.19306750000003,8.559999999999999,35.96
2019-08-31 06:46:00,40.792165999999995,-119.19104250000001,8.66,34.82
2019-08-31 06:50:00,40.7921415,-119.1906545,6.539999999999999,24.86
2019-08-31 06:52:00,40.792149,-119.190647,6.720000000000001,40.46
2019-08-31 06:54:00,40.79220266666667,-119.19070066666666,8.02,71.76
2019-08-31 06:58:00,40.79215,-119.190743,4.720000000000001,17.419999999999998
2019-08-31 07:08:00,40.792163,-119.1906465,14.559999999999999,136.35999999999999
2019-08-31 07:26:00,40.792192,-119.190678,9.4,38.760000000000005
2019-08-31 07:32:00,40.792218,-119.191381,4.4799999999999995,26.380000000000003
2019-08-31 07:34:00,40.79220350000001,-119.1916305,3.9200000000000004,20.1
2019-08-31 07:36:00,40.792389500000006,-119.19262766666668,6.74,30.3
2019-08-31 07:40:00,40.7922926,-119.1932554,5.459999999999999,34.12
2019-08-31 07:42:00,40.792543333333334,-119.19548011111111,5.12,33.7
2019-08-31 07:50:00,40.7928225,-119.19657675,4.76,25.06
2019-08-31 07:52:00,40.793079,-119.198131,6.1,33.1
2019-08-31 07:54:00,40.791689999999996,-119.197607,4.76,28.779999999999994
2019-08-31 08:04:00,40.7912234,-119.1975732,10.260000000000002,41.019999999999996
2019-08-31 08:06:00,40.79067666666667,-119.19895383333333,7.840000000000001,48.3
2019-08-31 08:08:00,40.7887458,-119.2016758,7.8,47.10000000000001
2019-08-31 08:10:00,40.786556714285716,-119.20457685714287,15.74,103.96
2019-08-31 08:14:00,40.783364,-119.20912133333333,15.36,123.0
2019-08-31 08:16:00,40.78089957142857,-119.21256542857144,15.739999999999998,106.9
2019-08-31 08:18:00,40.78110466666667,-119.2155035,13.14,96.8
2019-08-31 08:20:00,40.780952,-119.21532400000001,15.559999999999999,108.92
2019-08-31 08:22:00,40.78107,-119.21563950000001,10.02,66.25999999999999
2019-08-31 08:42:00,40.781097,-119.21564649999999,7.9,50.7
2019-08-31 08:44:00,40.7810595,-119.215685,6.340000000000001,37.53999999999999
2019-08-31 08:50:00,40.780991,-119.215694,8.38,45.76
2019-08-31 17:22:00,40.781043999999994,-119.215604,1.44,10.6
2019-08-31 20:26:00,40.78104,-119.21568,46.019999999999996,300.14
2019-08-31 20:30:00,40.781032,-119.215635,40.17999999999999,231.7
2019-08-31 20:46:00,40.781103,-119.215617,18.6,99.0
2019-08-31 20:52:00,40.781063,-119.215618,9.059999999999999,29.72
2019-08-31 20:54:00,40.781079,-119.215586,10.82,51.239999999999995
2019-08-31 21:08:00,40.781023,-119.215616,25.56,217.56000000000003
2019-08-31 21:10:00,40.781118,-119.215599,26.18,202.48000000000002
2019-08-31 21:12:00,40.781132,-119.21555649999999,22.8,102.74000000000001
2019-08-31 21:18:00,40.781165,-119.21555,9.32,34.6
2019-08-31 21:20:00,40.780993,-119.215337,18.96,128.78
2019-08-31 21:24:00,40.780490500000006,-119.21559640000001,35.019999999999996,307.26
2019-08-31 21:26:00,40.779402000000005,-119.214488,32.8,365.75999999999993
2019-08-31 21:32:00,40.78057455555555,-119.21078755555556,31.9,323.9
2019-08-31 21:34:00,40.78118477777778,-119.209084,32.660000000000004,313.32
2019-08-31 21:36:00,40.7816796,-119.20533330000004,19.34,127.33999999999999
2019-08-31 21:42:00,40.781208,-119.205063,8.12,42.86
2019-08-31 21:48:00,40.78233281818182,-119.20245127272727,7.540000000000001,27.4
2019-08-31 21:50:00,40.783547999999996,-119.2006495,8.040000000000001,21.240000000000002
2019-08-31 21:54:00,40.78475575,-119.1968675,12.819999999999999,49.52
2019-08-31 21:56:00,40.78490416666667,-119.19453833333334,10.52,105.12
2019-08-31 22:00:00,40.784932,-119.192077,4.8,21.52
2019-08-31 22:28:00,40.785215,-119.19169275,53.339999999999996,533.1
2019-08-31 22:30:00,40.785702,-119.190608,55.220000000000006,499.21999999999997
2019-08-31 22:32:00,40.785819333333336,-119.19031733333334,60.660000000000004,536.1600000000001
2019-08-31 22:34:00,40.7861455,-119.1881315,49.44,464.68
2019-08-31 22:44:00,40.78664811111111,-119.18672022222222,17.580000000000002,150.52
2019-08-31 22:46:00,40.786872714285714,-119.18541314285714,36.82,364.32000000000005
2019-08-31 23:02:00,40.7874255,-119.1855475,49.7,443.2799999999999
2019-08-31 23:04:00,40.7875418,-119.18522920000001,29.639999999999997,254.7
2019-08-31 23:06:00,40.789275428571436,-119.18574157142858,27.080000000000002,261.94
2019-08-31 23:42:00,40.7900905,-119.1864845,433.4200000000001,1999.9
2019-08-31 23:44:00,40.7913246,-119.18690570000001,51.8,469.64
2019-08-31 23:46:00,40.79355788888889,-119.18771766666666,78.82,649.22
2019-08-31 23:48:00,40.793491,-119.187884,246.02000000000004,1290.38
2019-08-31 23:56:00,40.793633,-119.18798700000002,50.08,363.15999999999997
2019-08-31 23:58:00,40.79455933333333,-119.18845533333332,11.919999999999998,75.25999999999999
2019-09-01 00:00:00,40.796646749999994,-119.18727200000001,24.28,217.2
2019-09-01 00:06:00,40.797121545454544,-119.18519736363636,50.54,393.23999999999995
2019-09-01 00:20:00,40.79957766666667,-119.18512600000001,8.78,73.08000000000001
2019-09-01 00:22:00,40.80033,-119.185148,50.36,483.4599999999999
2019-09-01 00:24:00,40.80080857142857,-119.18531514285714,7.659999999999999,67.08
2019-09-01 00:26:00,40.80159066666667,-119.18750766666666,4.58,37.6
2019-09-01 00:28:00,40.80113,-119.1896907142857,10.64,108.16
2019-09-01 00:30:00,40.80058357142857,-119.19213,33.42,423.9599999999999
2019-09-01 00:34:00,40.800513,-119.194142,7.32,57.36
2019-09-01 00:36:00,40.80027514285714,-119.1947287142857,4.720000000000001,34.02
2019-09-01 00:48:00,40.797441,-119.19859399999999,3.2600000000000002,12.539999999999997
2019-09-01 00:50:00,40.796915,-119.199156,2.68,15.98
2019-09-01 00:52:00,40.79677675,-119.1991795,2.76,8.22
2019-09-01 00:54:00,40.79590575,-119.20055475,2.9200000000000004,17.7
2019-09-01 00:56:00,40.795869,-119.200623,3.72,24.3
2019-09-01 00:58:00,40.79580824999999,-119.20081350000001,4.38,21.220000000000002
2019-09-01 01:06:00,40.792922374999996,-119.20359187500001,4.76,25.379999999999995
2019-09-01 01:08:00,40.79120875,-119.20517358333335,2.7400000000000007,15.6
2019-09-01 01:10:00,40.789494,-119.20730509090912,4.08,16.2
2019-09-01 01:12:00,40.788348,-119.20875883333333,5.72,57.04
2019-09-01 01:16:00,40.78689123076923,-119.20955423076923,4.0200000000000005,11.18
2019-09-01 01:18:00,40.78380128571428,-119.21170099999999,103.7,601.6600000000001
2019-09-01 01:20:00,40.781691,-119.21533685714284,24.68,188.21999999999997
2019-09-01 02:48:00,40.7810125,-119.21561349999999,4.16,11.1
2019-09-01 02:50:00,40.780972750000004,-119.21541675,5.660000000000001,20.02
2019-09-01 02:52:00,40.7810285,-119.215656,4.9,34.300000000000004
2019-09-01 03:06:00,40.7810055,-119.21564900000001,18.999999999999996,249.1
2019-09-01 03:16:00,40.781056666666665,-119.21565433333332,5.159999999999999,53.78000000000001
2019-09-01 03:22:00,40.781035,-119.215658,7.32,61.42
2019-09-01 03:24:00,40.781039,-119.21558733333335,3.9200000000000004,11.16
2019-09-01 03:32:00,40.781105999999994,-119.2154515,6.0200000000000005,27.839999999999996
2019-09-01 03:52:00,40.7810365,-119.21549049999999,4.82,40.82
2019-09-01 03:54:00,40.7810415,-119.21550049999999,4.08,27.32
2019-09-01 03:58:00,40.781101,-119.215503,5.54,29.559999999999995
2019-09-01 04:02:00,40.78108,-119.215509,3.28,18.74
2019-09-01 04:22:00,40.781093,-119.2154915,7.12,42.9
2019-09-01 04:26:00,40.781137,-119.215451,5.02,37.5
2019-09-01 04:28:00,40.781097,-119.2155215,5.82,35.67999999999999
2019-09-01 04:42:00,40.781078,-119.215507,5.4,23.660000000000004
2019-09-01 04:46:00,40.781091,-119.215455,8.5,51.040000000000006
2019-09-01 04:48:00,40.781099,-119.215444,12.06,74.94000000000001
2019-09-01 05:00:00,40.781056199999995,-119.21553820000001,3.62,19.6
2019-09-01 05:02:00,40.78104625,-119.21557499999999,7.3,55.4
2019-09-01 05:04:00,40.78100333333333,-119.21562066666667,4.74,27.22
2019-09-01 05:08:00,40.781036625,-119.215383875,23.66,66.96
2019-09-01 05:10:00,40.78056014285714,-119.21406528571428,11.5,43.279999999999994
2019-09-01 05:14:00,40.779883,-119.213739,22.28,58.15999999999999
2019-09-01 05:18:00,40.779914,-119.213773,33.519999999999996,78.16
2019-09-01 05:22:00,40.779886,-119.213742,17.720000000000002,95.96000000000001
2019-09-01 05:24:00,40.78019957142857,-119.214172,19.099999999999998,117.78
2019-09-01 05:26:00,40.781106,-119.21462914285713,8.72,45.32000000000001
2019-09-01 05:28:00,40.781049599999996,-119.215586,6.28,55.82000000000001
2019-09-01 05:30:00,40.781069,-119.215642,4.74,29.32
2019-09-01 05:32:00,40.78106,-119.21562,6.659999999999999,56.08
2019-09-01 05:36:00,40.781028,-119.215641,4.82,50.32
2019-09-01 05:42:00,40.781005,-119.215595,7.239999999999999,48.44
2019-09-01 05:44:00,40.780998,-119.215698,5.159999999999999,29.640000000000004
2019-09-01 05:50:00,40.781023,-119.21565,9.56,62.58
2019-09-01 05:54:00,40.78104,-119.215559,14.66,113.05999999999999
2019-09-01 05:56:00,40.781076,-119.215588,11.819999999999999,64.88
2019-09-01 05:58:00,40.781021,-119.215654,8.66,44.040000000000006
2019-09-01 06:00:00,40.781057,-119.215612,5.76,36.980000000000004
2019-09-01 06:04:00,40.781047,-119.21558875,17.22,145.5
2019-09-01 06:06:00,40.7809935,-119.21554549999999,15.66,149.78
2019-09-01 06:08:00,40.781014,-119.215523,5.359999999999999,28.879999999999995
2019-09-01 06:10:00,40.780989,-119.215484,5.38,46.72
2019-09-01 06:12:00,40.781022,-119.215591,4.92,24.240000000000002
2019-09-01 06:14:00,40.781045,-119.215664,3.8,19.940000000000005
2019-09-01 06:18:00,40.781066333333335,-119.215605,8.0,29.4
2019-09-01 06:20:00,40.781036,-119.21563425000001,5.680000000000001,27.82
2019-09-01 06:22:00,40.781076,-119.2156115,4.619999999999999,17.4
2019-09-01 06:24:00,40.781036,-119.215588,6.3,24.380000000000003
2019-09-01 06:28:00,40.78106233333333,-119.21561733333333,3.88,24.82
2019-09-01 06:32:00,40.78100066666667,-119.21543033333332,4.84,23.72
2019-09-01 06:34:00,40.781052,-119.21554266666668,3.88,16.98
2019-09-01 06:36:00,40.780988,-119.215634,4.58,11.3
2019-09-01 06:38:00,40.78103557142857,-119.21557628571428,6.319999999999999,38.67999999999999
2019-09-01 06:40:00,40.782558666666674,-119.21343222222221,5.279999999999999,20.279999999999998
2019-09-01 06:42:00,40.784251,-119.212106,7.5200000000000005,50.339999999999996
2019-09-01 06:46:00,40.78462785714286,-119.20762128571428,5.4799999999999995,34.68
2019-09-01 06:48:00,40.785793,-119.206058,3.9799999999999995,25.9
2019-09-01 06:52:00,40.785841500000004,-119.205998,11.420000000000002,65.94000000000001
2019-09-01 06:54:00,40.785789,-119.206039,10.120000000000001,35.54
2019-09-01 06:56:00,40.78666066666666,-119.20516666666666,6.0200000000000005,25.8
2019-09-01 07:00:00,40.787861818181824,-119.20337809090907,4.88,25.939999999999998
2019-09-01 07:02:00,40.788389555555554,-119.20101622222222,4.279999999999999,11.0
2019-09-01 07:04:00,40.789312,-119.19827085714284,5.720000000000001,21.84
2019-09-01 07:06:00,40.7899042,-119.19560340000001,10.120000000000001,62.48
2019-09-01 07:08:00,40.79066413333333,-119.19443506666667,5.499999999999999,45.379999999999995
2019-09-01 07:10:00,40.79004885714286,-119.19526242857144,5.26,29.140000000000004
2019-09-01 07:14:00,40.793189857142856,-119.19141300000001,5.200000000000001,35.239999999999995
2019-09-01 07:16:00,40.794391000000005,-119.18983354545456,7.44,41.82000000000001
2019-09-01 07:58:00,40.79504333333333,-119.18866583333335,37.260000000000005,356.14
2019-09-01 08:00:00,40.79712490909091,-119.18613963636363,34.94,318.38
2019-09-01 08:02:00,40.797607,-119.185696,44.8,442.93999999999994
2019-09-01 08:04:00,40.7976115,-119.185755,35.1,302.2
2019-09-01 08:06:00,40.79786850000001,-119.184855,21.44,128.74
2019-09-01 08:10:00,40.79802225,-119.1845805,8.66,60.64
2019-09-01 08:12:00,40.79766542857143,-119.18735385714287,17.72,171.54000000000002
2019-09-01 08:14:00,40.79735766666666,-119.19087400000001,12.220000000000002,126.9
2019-09-01 08:16:00,40.797334,-119.190997,15.4,130.66000000000003
2019-09-01 08:18:00,40.796649499999994,-119.193692,17.060000000000002,140.47999999999996
2019-09-01 08:20:00,40.795931,-119.195326,17.339999999999996,166.51999999999998
2019-09-01 08:24:00,40.79454222222222,-119.20028500000002,9.58,68.1
2019-09-01 08:26:00,40.793656,-119.20406575,15.940000000000001,102.44000000000001
2019-09-01 08:28:00,40.79361827272727,-119.20658990909091,6.0,27.139999999999997
2019-09-01 08:30:00,40.79350244444444,-119.20979566666665,12.26,78.17999999999999
2019-09-01 08:32:00,40.79429,-119.21211455555554,10.919999999999998,86.72
2019-09-01 08:34:00,40.795072,-119.212945,17.119999999999997,128.9
2019-09-01 08:38:00,40.7928225,-119.21633766666667,11.879999999999999,140.32
2019-09-01 08:40:00,40.791251,-119.21784299999999,7.4799999999999995,78.24
2019-09-01 08:42:00,40.789371625,-119.21893787500001,11.620000000000001,109.32000000000001
2019-09-01 08:44:00,40.78663533333334,-119.21966300000001,20.64,266.71999999999997
2019-09-01 08:46:00,40.7844892,-119.21950010000003,24.8,319.08
2019-09-01 08:48:00,40.781987375,-119.21860062500001,14.88,163.94
2019-09-01 08:52:00,40.778327499999996,-119.2152525,6.4799999999999995,50.220000000000006
2019-09-01 08:54:00,40.7783184,-119.2150354,13.459999999999999,106.7
2019-09-01 08:56:00,40.780038749999996,-119.215643,17.119999999999997,107.88
2019-09-01 08:58:00,40.7810405,-119.2156065,11.8,135.0
2019-09-01 09:00:00,40.780994,-119.21566,11.86,172.82
2019-09-01 09:02:00,40.780965599999995,-119.21534340000001,10.760000000000002,96.6
2019-09-01 09:06:00,40.781027,-119.215632,13.320000000000002,121.54
